Open,High,Low,Close,Adj Close,Volume
72.0979995727539,72.25550079345703,70.97000122070312,71.06849670410156,71.06849670410156,44590000
71.0,71.26750183105469,69.7300033569336,71.01399993896484,71.01399993896484,31684000
70.0,72.2229995727539,69.9540023803711,70.91200256347656,70.91200256347656,35170000
71.02149963378906,71.83650207519531,70.79900360107422,71.6760025024414,71.6760025024414,37044000
71.28500366210938,72.0790023803711,71.11399841308594,71.74349975585938,71.74349975585938,25162000
71.75,72.1500015258789,71.08049774169922,72.1155014038086,72.1155014038086,23442000
72.13500213623047,72.45050048828125,71.58100128173828,71.9625015258789,71.9625015258789,27732000
71.83899688720703,72.06600189208984,70.30049896240234,70.71499633789062,70.71499633789062,26982000
70.78199768066406,72.31500244140625,70.38099670410156,72.0009994506836,72.0009994506836,42642000
71.31400299072266,72.44999694824219,71.2239990234375,72.4020004272461,72.4020004272461,33878000
72.26200103759766,73.38999938964844,72.11799621582031,72.60399627685547,72.60399627685547,33624000
73.07550048828125,73.63849639892578,72.71800231933594,73.23500061035156,73.23500061035156,31762000
72.05149841308594,72.58000183105469,69.92050170898438,70.09500122070312,70.09500122070312,47144000
71.29299926757812,71.72550201416016,69.29000091552734,70.64600372314453,70.64600372314453,36676000
69.47450256347656,71.25,69.36000061035156,71.03700256347656,71.03700256347656,30468000
72.44999694824219,72.8584976196289,71.44950103759766,72.32350158691406,72.32350158691406,30648000
72.64700317382812,73.11000061035156,71.75650024414062,72.62699890136719,72.62699890136719,30610000
72.49250030517578,72.64849853515625,71.31199645996094,71.70600128173828,71.70600128173828,34862000
72.0,72.2249984741211,70.94999694824219,71.23200225830078,71.23200225830078,52784000
71.25050354003906,72.54750061035156,70.95950317382812,72.53299713134766,72.53299713134766,29442000
72.5999984741211,73.76000213623047,72.25,73.1989974975586,73.1989974975586,37752000
73.16400146484375,73.78949737548828,71.5,71.63500213623047,71.63500213623047,31592000
71.56099700927734,72.11599731445312,70.97699737548828,72.05500030517578,72.05500030517578,23958000
71.63150024414062,71.85099792480469,67.75,68.12699890136719,68.12699890136719,97640000
68.01699829101562,69.9000015258789,67.5824966430664,69.8584976196289,69.8584976196289,45074000
69.84400177001953,71.19999694824219,69.34649658203125,70.90249633789062,70.90249633789062,40286000
70.95850372314453,72.42400360107422,70.70899963378906,72.0999984741211,72.0999984741211,42182000
72.59200286865234,74.4260025024414,72.55349731445312,73.49649810791016,73.49649810791016,57218000
74.40750122070312,75.5,73.8489990234375,74.98249816894531,74.98249816894531,44712000
74.80650329589844,76.06600189208984,74.48500061035156,74.49600219726562,74.49600219726562,42364000
75.04000091552734,75.55850219726562,74.61499786376953,75.18000030517578,75.18000030517578,31766000
75.49649810791016,76.45700073242188,74.77950286865234,75.93299865722656,75.93299865722656,41836000
75.6624984741211,77.06700134277344,75.03600311279297,76.95050048828125,76.95050048828125,35918000
77.49700164794922,78.81800079345703,75.3280029296875,75.61150360107422,75.61150360107422,42954000
74.6395034790039,76.13999938964844,74.29650115966797,76.04299926757812,76.04299926757812,38108000
76.1614990234375,76.81649780273438,74.8915023803711,75.84400177001953,75.84400177001953,31026000
75.07499694824219,75.79550170898438,74.41349792480469,75.74600219726562,75.74600219726562,26484000
75.84549713134766,76.17150115966797,74.90499877929688,75.84249877929688,75.84249877929688,34264000
75.75,78.45050048828125,75.13500213623047,78.19200134277344,78.19200134277344,30166000
79.25150299072266,79.35250091552734,77.63099670410156,77.7959976196289,77.7959976196289,27486000
77.7854995727539,78.3489990234375,77.1614990234375,78.24250030517578,78.24250030517578,24482000
78.29650115966797,78.51750183105469,75.42949676513672,75.8375015258789,75.8375015258789,33910000
74.95950317382812,75.77149963378906,74.37950134277344,75.4104995727539,75.4104995727539,29902000
75.66300201416016,76.87799835205078,75.61650085449219,76.47149658203125,76.47149658203125,27124000
76.25,76.30049896240234,75.0260009765625,75.18250274658203,75.18250274658203,30910000
75.25,76.66649627685547,75.15049743652344,76.17549896240234,76.17549896240234,22676000
74.89849853515625,77.04450225830078,74.75849914550781,76.91850280761719,76.91850280761719,36042000
74.85250091552734,75.2509994506836,72.69999694824219,74.39749908447266,74.39749908447266,91468000
74.55000305175781,74.8864974975586,73.58599853515625,74.13800048828125,74.13800048828125,45482000
74.33550262451172,74.65550231933594,73.20149993896484,73.66500091552734,73.66500091552734,37212000
73.84100341796875,74.5,73.56099700927734,73.95449829101562,73.95449829101562,29134000
73.80750274658203,75.3134994506836,73.59500122070312,75.24749755859375,75.24749755859375,33306000
75.4520034790039,76.00450134277344,74.3134994506836,74.91850280761719,74.91850280761719,27718000
74.54000091552734,75.35749816894531,73.87449645996094,74.84100341796875,74.84100341796875,20546000
74.69999694824219,75.52200317382812,73.90950012207031,74.0270004272461,74.0270004272461,31098000
74.35600280761719,75.58350372314453,74.25,75.36199951171875,75.36199951171875,22512000
75.4104995727539,76.84850311279297,75.4104995727539,75.8324966430664,75.8324966430664,22388000
75.68049621582031,75.989501953125,74.94999694824219,75.23149871826172,75.23149871826172,21942000
75.79850006103516,76.18900299072266,75.25,75.81199645996094,75.81199645996094,19990000
76.30599975585938,77.86849975585938,76.08350372314453,77.78900146484375,77.78900146484375,28378000
77.62449645996094,78.44300079345703,77.0,77.23049926757812,77.23049926757812,30472000
76.99849700927734,79.00849914550781,76.7229995727539,78.8125,78.8125,26382000
78.58999633789062,79.59400177001953,78.1155014038086,78.77850341796875,78.77850341796875,34838000
79.62349700927734,80.43900299072266,78.75199890136719,79.25749969482422,79.25749969482422,25638000
79.00499725341797,80.44400024414062,78.89399719238281,80.2925033569336,80.2925033569336,25150000
80.31500244140625,82.6395034790039,80.04900360107422,82.20649719238281,82.20649719238281,52188000
82.33049774169922,82.39949798583984,80.94049835205078,81.4260025024414,81.4260025024414,31350000
81.47350311279297,82.06749725341797,81.28050231933594,81.97149658203125,81.97149658203125,22418000
82.17849731445312,82.2249984741211,81.2665023803711,81.47650146484375,81.47650146484375,26422000
81.60800170898438,82.96099853515625,81.47650146484375,82.75399780273438,82.75399780273438,22652000
83.40049743652344,86.30500030517578,83.0094985961914,85.86949920654297,85.86949920654297,49522000
84.97599792480469,85.0,80.385498046875,81.47550201416016,81.47550201416016,63726000
80.44999694824219,81.74949645996094,76.89849853515625,79.06050109863281,79.06050109863281,55850000
76.25,77.77749633789062,75.82499694824219,76.18000030517578,76.18000030517578,54032000
77.44499969482422,77.93599700927734,76.25849914550781,77.36150360107422,77.36150360107422,39242000
77.50900268554688,78.68299865722656,76.0,76.30249786376953,76.30249786376953,33024000
76.40750122070312,76.93499755859375,74.6510009765625,75.78800201416016,75.78800201416016,30706000
76.5824966430664,77.8499984741211,75.25550079345703,75.44149780273438,75.44149780273438,42660000
76.39450073242188,77.54949951171875,76.1050033569336,76.75599670410156,76.75599670410156,23042000
77.1240005493164,77.71849822998047,75.57949829101562,75.60449981689453,75.60449981689453,22128000
74.29049682617188,74.93299865722656,73.12300109863281,74.35199737548828,74.35199737548828,40008000
74.41500091552734,74.76000213623047,71.58100128173828,72.55449676513672,72.55449676513672,63056000
71.58100128173828,72.00299835205078,70.13400268554688,71.50700378417969,71.50700378417969,56908000
72.51599884033203,73.19850158691406,71.4749984741211,72.99099731445312,72.99099731445312,33950000
72.60449981689453,72.65399932861328,70.13400268554688,70.46949768066406,70.46949768066406,37726000
70.13400268554688,71.89949798583984,70.10749816894531,71.14299774169922,71.14299774169922,34552000
71.25250244140625,72.2969970703125,70.38400268554688,71.9530029296875,71.9530029296875,30326000
73.59950256347656,73.64949798583984,72.31400299072266,72.93299865722656,72.93299865722656,30784000
73.19550323486328,73.5999984741211,72.69999694824219,73.3010025024414,73.3010025024414,31816000
73.0469970703125,74.30999755859375,72.78800201416016,73.27999877929688,73.27999877929688,40924000
74.18299865722656,74.75350189208984,73.83999633789062,74.3949966430664,74.3949966430664,32884000
72.98149871826172,73.95149993896484,72.36750030517578,72.77999877929688,72.77999877929688,31222000
73.13249969482422,74.23500061035156,73.00450134277344,74.1415023803711,74.1415023803711,21602000
73.7750015258789,74.22599792480469,72.25050354003906,72.5510025024414,72.5510025024414,26096000
72.96549987792969,73.44850158691406,71.6614990234375,72.95700073242188,72.95700073242188,36108000
73.27249908447266,74.40149688720703,73.27249908447266,74.17150115966797,74.17150115966797,26076000
74.64299774169922,75.59249877929688,74.3499984741211,75.52249908447266,75.52249908447266,32966000
76.9000015258789,79.4209976196289,76.46499633789062,78.22949981689453,78.22949981689453,55344000
78.85050201416016,79.25800323486328,77.93150329589844,78.35350036621094,78.35350036621094,39072000
78.7300033569336,79.19249725341797,77.29499816894531,78.1719970703125,78.1719970703125,33174000
77.2249984741211,78.56999969482422,77.05650329589844,77.77349853515625,77.77349853515625,31210000
78.09149932861328,78.885498046875,77.88300323486328,78.38500213623047,78.38500213623047,34194000
78.79650115966797,79.19650268554688,76.14600372314453,76.49749755859375,76.49749755859375,29734000
76.15550231933594,78.69200134277344,76.0250015258789,77.55400085449219,77.55400085449219,41670000
78.49250030517578,80.75700378417969,78.35700225830078,79.29949951171875,79.29949951171875,60322000
79.25,80.6709976196289,78.8740005493164,80.33300018310547,80.33300018310547,30512000
80.75250244140625,81.70600128173828,80.59549713134766,81.64900207519531,81.64900207519531,30548000
80.75,81.47899627685547,78.38899993896484,79.2145004272461,79.2145004272461,35826000
79.44650268554688,80.0999984741211,78.84950256347656,79.94400024414062,79.94400024414062,25902000
77.50050354003906,77.69049835205078,75.42400360107422,75.54000091552734,75.54000091552734,45174000
75.85099792480469,79.43699645996094,75.82749938964844,77.84400177001953,77.84400177001953,55406000
83.37200164794922,84.06600189208984,80.07849884033203,80.80549621582031,80.80549621582031,99878000
81.177001953125,82.91200256347656,80.71199798583984,81.21600341796875,81.21600341796875,44228000
81.53800201416016,82.94999694824219,80.60549926757812,82.28299713134766,82.28299713134766,31432000
85.27899932861328,88.50150299072266,85.1500015258789,87.2925033569336,87.2925033569336,71342000
88.52249908447266,89.59100341796875,87.05149841308594,88.125,88.125,39758000
87.56700134277344,88.42500305175781,86.83399963378906,87.98650360107422,87.98650360107422,28622000
89.79900360107422,90.84449768066406,87.87750244140625,88.07099914550781,88.07099914550781,53440000
86.4885025024414,87.96900177001953,85.80599975585938,86.88600158691406,86.88600158691406,43022000
87.41999816894531,88.1449966430664,87.15299987792969,87.36150360107422,87.36150360107422,31838000
87.0999984741211,88.2490005493164,86.89849853515625,87.14099884033203,87.14099884033203,26474000
87.4000015258789,88.85649871826172,86.79900360107422,88.61299896240234,88.61299896240234,29744000
88.20700073242188,89.71700286865234,88.06649780273438,88.70149993896484,88.70149993896484,25468000
88.39299774169922,88.85700225830078,87.97450256347656,88.08300018310547,88.08300018310547,21314000
87.83200073242188,88.25,86.92849731445312,87.03199768066406,87.03199768066406,20108000
86.6614990234375,88.17449951171875,86.5009994506836,87.92849731445312,87.92849731445312,20106000
88.0999984741211,88.41799926757812,86.75,86.81900024414062,86.81900024414062,27694000
87.01100158691406,87.29949951171875,85.50900268554688,86.37799835205078,86.37799835205078,22530000
86.375,88.3239974975586,86.0364990234375,88.19499969482422,88.19499969482422,27984000
88.3905029296875,88.51899719238281,87.41799926757812,88.20649719238281,88.20649719238281,19600000
88.22699737548828,89.85050201416016,88.22699737548828,89.35099792480469,89.35099792480469,14790000
88.78250122070312,89.01699829101562,87.39199829101562,87.72000122070312,87.72000122070312,32418000
88.33300018310547,91.08599853515625,88.15149688720703,89.76799774169922,89.76799774169922,37350000
89.76799774169922,91.63700103759766,89.25849914550781,91.24849700927734,91.24849700927734,29424000
91.0270004272461,92.19149780273438,90.8499984741211,91.09200286865234,91.09200286865234,24728000
91.01100158691406,91.4749984741211,90.67949676513672,91.18800354003906,91.18800354003906,20544000
90.77749633789062,91.4645004272461,90.1520004272461,90.85150146484375,90.85150146484375,22288000
90.4260025024414,90.79850006103516,89.56400299072266,90.56649780273438,90.56649780273438,19936000
90.51799774169922,91.41850280761719,88.0999984741211,88.89299774169922,88.89299774169922,31728000
88.12999725341797,88.74949645996094,86.67649841308594,88.38249969482422,88.38249969482422,28688000
88.0,88.8655014038086,87.63700103759766,88.73999786376953,88.73999786376953,18628000
88.53600311279297,89.48999786376953,87.45649719238281,87.61299896240234,87.61299896240234,33050000
87.99299621582031,88.19999694824219,87.08350372314453,88.05400085449219,88.05400085449219,21352000
88.45549774169922,88.45549774169922,87.4530029296875,87.8594970703125,87.8594970703125,24676000
88.19650268554688,88.33550262451172,86.55750274658203,87.02549743652344,87.02549743652344,34880000
87.30850219726562,87.41799926757812,85.75,86.31099700927734,86.31099700927734,85256000
85.45649719238281,86.8499984741211,84.69999694824219,86.72799682617188,86.72799682617188,33974000
86.46649932861328,86.63050079345703,85.28900146484375,86.01100158691406,86.01100158691406,20370000
86.19650268554688,87.20549774169922,86.05999755859375,86.4114990234375,86.4114990234375,22974000
86.44999694824219,87.12049865722656,86.21749877929688,86.70800018310547,86.70800018310547,9312000
87.24549865722656,89.3499984741211,87.09100341796875,88.697998046875,88.697998046875,27650000
89.36150360107422,89.42350006103516,87.75550079345703,87.88800048828125,87.88800048828125,19726000
88.25,88.38800048828125,86.4000015258789,86.8125,86.8125,21026000
86.8635025024414,87.875,86.80449676513672,87.63200378417969,87.63200378417969,21070000
88.0,88.12449645996094,85.35700225830078,86.30650329589844,86.30650329589844,37324000
86.25450134277344,87.34149932861328,85.84500122070312,87.00250244140625,87.00250244140625,20360000
85.01300048828125,87.19850158691406,84.80500030517578,86.14399719238281,86.14399719238281,46588000
86.33799743652344,88.89099884033203,86.33799743652344,88.71700286865234,88.71700286865234,41936000
88.85800170898438,89.96800231933594,88.06099700927734,89.8915023803711,89.8915023803711,35484000
88.85099792480469,89.21900177001953,87.60700225830078,87.81449890136719,87.81449890136719,34796000
87.26799774169922,88.3949966430664,85.81900024414062,86.87149810791016,86.87149810791016,29528000
86.36599731445312,87.81950378417969,86.36599731445312,87.36250305175781,87.36250305175781,23432000
87.44349670410156,88.37750244140625,86.30349731445312,86.5459976196289,86.5459976196289,29212000
86.45099639892578,87.38099670410156,85.58550262451172,86.38099670410156,86.38099670410156,31444000
87.1500015258789,90.19200134277344,86.6415023803711,89.22350311279297,89.22350311279297,41660000
91.31849670410156,94.98600006103516,90.97550201416016,94.00350189208984,94.00350189208984,64152000
94.68250274658203,96.60399627685547,93.97049713134766,94.2074966430664,94.2074966430664,58634000
94.572998046875,95.21949768066406,93.82499694824219,94.62799835205078,94.62799835205078,32744000
95.63700103759766,96.09100341796875,92.95800018310547,94.71399688720703,94.71399688720703,50586000
94.29949951171875,95.7874984741211,93.80650329589844,95.39749908447266,95.39749908447266,31462000
93.74549865722656,94.02349853515625,89.86399841308594,90.9469985961914,90.9469985961914,82512000
91.55000305175781,94.39949798583984,91.55000305175781,92.66000366210938,92.66000366210938,55278000
91.70099639892578,92.37699890136719,90.0780029296875,91.36799621582031,91.36799621582031,44530000
92.22949981689453,95.7770004272461,92.22949981689453,94.65350341796875,94.65350341796875,40252000
95.65650177001953,97.46849822998047,95.31849670410156,95.95600128173828,95.95600128173828,66332000
103.28050231933594,105.33100128173828,100.67749786376953,102.94400024414062,102.94400024414062,97882000
103.03099822998047,103.46499633789062,101.75499725341797,102.68150329589844,102.68150329589844,48596000
102.97799682617188,104.7969970703125,102.5,104.44149780273438,104.44149780273438,29866000
105.0,105.75,103.1675033569336,104.22599792480469,104.22599792480469,28828000
103.73999786376953,104.92549896240234,103.5,103.76950073242188,103.76950073242188,21892000
104.15699768066406,104.94400024414062,102.61199951171875,104.3239974975586,104.3239974975586,25102000
104.55000305175781,104.69999694824219,103.44300079345703,104.4375,104.4375,20480000
103.9885025024414,104.9749984741211,103.67849731445312,104.75150299072266,104.75150299072266,18990000
104.5875015258789,107.25700378417969,104.5875015258789,105.53500366210938,105.53500366210938,31004000
104.6989974975586,106.12200164794922,104.4175033569336,105.93099975585938,105.93099975585938,20294000
105.25,106.09950256347656,104.66649627685547,105.29049682617188,105.29049682617188,22546000
105.3895034790039,105.92900085449219,104.17150115966797,104.44049835205078,104.44049835205078,37938000
102.68000030517578,104.0165023803711,102.4000015258789,102.71299743652344,102.71299743652344,29466000
100.69950103759766,103.625,99.5114974975586,103.00599670410156,103.00599670410156,34658000
101.50199890136719,104.41600036621094,101.37650299072266,104.19049835205078,104.19049835205078,22608000
102.79650115966797,104.1500015258789,100.32450103759766,100.79750061035156,100.79750061035156,41548000
101.49749755859375,102.82599639892578,100.05049896240234,101.09549713134766,101.09549713134766,40042000
102.4000015258789,103.8115005493164,101.72100067138672,103.48300170898438,103.48300170898438,26060000
103.24199676513672,104.73699951171875,102.83350372314453,103.2239990234375,103.2239990234375,25564000
102.59750366210938,103.79949951171875,99.69999694824219,100.57050323486328,100.57050323486328,33892000
100.74349975585938,103.72949981689453,100.27149963378906,101.69650268554688,101.69650268554688,49216000
103.05750274658203,105.30999755859375,101.38899993896484,104.85350036621094,104.85350036621094,53100000
104.2030029296875,105.68699645996094,100.2594985961914,100.375,100.375,36868000
102.48750305175781,103.19599914550781,101.77999877929688,102.01799774169922,102.01799774169922,33920000
103.06999969482422,103.06999969482422,100.96649932861328,101.80950164794922,101.80950164794922,27100000
102.91100311279297,105.5634994506836,102.82250213623047,105.0270004272461,105.0270004272461,27702000
103.82050323486328,103.88050079345703,101.62100219726562,102.5,102.5,33818000
102.2490005493164,102.74949645996094,101.3895034790039,102.72200012207031,102.72200012207031,26168000
103.29949951171875,105.68399810791016,102.9645004272461,104.19450378417969,104.19450378417969,31900000
103.42350006103516,104.94999694824219,102.20600128173828,104.11100006103516,104.11100006103516,26382000
102.40899658203125,103.4375,100.95899963378906,101.06700134277344,101.06700134277344,31700000
101.48650360107422,101.85199737548828,100.14649963378906,101.3479995727539,101.3479995727539,46072000
101.38150024414062,102.41699981689453,100.69999694824219,101.53450012207031,101.53450012207031,33536000
101.99749755859375,103.20549774169922,101.4000015258789,102.06649780273438,102.06649780273438,28510000
102.58799743652344,103.37999725341797,101.44999694824219,101.62650299072266,101.62650299072266,25218000
101.45249938964844,102.28199768066406,99.80449676513672,101.62300109863281,101.62300109863281,35616000
101.5895004272461,101.96949768066406,100.19249725341797,101.23650360107422,101.23650360107422,27978000
101.10800170898438,102.46050262451172,100.27249908447266,102.28949737548828,102.28949737548828,26492000
102.64900207519531,103.13349914550781,101.80750274658203,102.32350158691406,102.32350158691406,27312000
102.72000122070312,104.31300354003906,102.3499984741211,103.1259994506836,103.1259994506836,42570000
104.61250305175781,106.7874984741211,104.57150268554688,106.48899841308594,106.48899841308594,39880000
107.35749816894531,111.44950103759766,107.260498046875,110.947998046875,110.947998046875,48510000
110.5459976196289,111.4000015258789,110.0895004272461,110.46299743652344,110.46299743652344,35240000
110.65499877929688,112.2249984741211,110.65499877929688,111.95149993896484,111.95149993896484,24134000
113.19999694824219,113.5895004272461,112.15049743652344,112.52149963378906,112.52149963378906,28664000
112.27200317382812,113.69850158691406,111.86299896240234,113.53350067138672,113.53350067138672,26146000
112.70600128173828,112.84449768066406,111.39099884033203,112.23100280761719,112.23100280761719,25024000
112.54949951171875,113.17350006103516,112.15249633789062,112.72149658203125,112.72149658203125,25682000
113.37149810791016,113.37149810791016,111.8010025024414,112.09549713134766,112.09549713134766,21002000
113.09750366210938,114.80000305175781,112.55850219726562,114.26249694824219,114.26249694824219,29174000
114.46199798583984,114.71199798583984,113.5459976196289,114.13749694824219,114.13749694824219,26282000
113.50900268554688,115.20449829101562,113.50900268554688,114.48799896240234,114.48799896240234,30290000
114.87449645996094,114.94999694824219,112.85600280761719,113.95050048828125,113.95050048828125,22288000
113.60250091552734,114.0,112.24099731445312,113.9175033569336,113.9175033569336,23204000
113.7699966430664,114.44400024414062,112.01599884033203,112.6259994506836,112.6259994506836,24146000
113.3499984741211,115.30599975585938,113.0625,114.99649810791016,114.99649810791016,29066000
115.22599792480469,116.22650146484375,114.86599731445312,115.49649810791016,115.49649810791016,32038000
115.88150024414062,115.92250061035156,114.30799865722656,114.54900360107422,114.54900360107422,44386000
119.625,121.56900024414062,117.66100311279297,117.9520034790039,117.9520034790039,81106000
119.46150207519531,120.20800018310547,118.69249725341797,119.63800048828125,119.63800048828125,41234000
118.4010009765625,119.09249877929688,117.3280029296875,117.67500305175781,117.67500305175781,44856000
118.24549865722656,119.07749938964844,116.7750015258789,117.15399932861328,117.15399932861328,28242000
115.67749786376953,116.24949645996094,112.83399963378906,115.34149932861328,115.34149932861328,44818000
116.43150329589844,116.75,115.41400146484375,115.7385025024414,115.7385025024414,26636000
115.31649780273438,116.86750030517578,114.6520004272461,116.86750030517578,116.86750030517578,25190000
118.19450378417969,118.5625,117.30799865722656,117.59649658203125,117.59649658203125,28898000
116.40699768066406,116.55000305175781,114.22699737548828,114.5875015258789,114.5875015258789,30914000
112.15350341796875,114.01399993896484,111.69599914550781,113.50299835205078,113.50299835205078,34186000
111.30950164794922,112.39900207519531,109.68099975585938,110.01249694824219,110.01249694824219,46376000
111.30599975585938,111.97200012207031,110.33599853515625,111.4520034790039,111.4520034790039,33204000
112.927001953125,114.23600006103516,112.5,113.91899871826172,113.91899871826172,31996000
113.17849731445312,114.48899841308594,112.77549743652344,114.44599914550781,114.44599914550781,21598000
115.11750030517578,115.38400268554688,113.1094970703125,113.12349700927734,113.12349700927734,22204000
111.42150115966797,113.74949645996094,111.27200317382812,113.57499694824219,113.57499694824219,23684000
114.55000305175781,115.5999984741211,114.1760025024414,115.34750366210938,115.34750366210938,32352000
115.87049865722656,115.94450378417969,114.46499633789062,114.70649719238281,114.70649719238281,40632000
115.74449920654297,118.27749633789062,115.5979995727539,118.052001953125,118.052001953125,31832000
118.5999984741211,119.19999694824219,117.75,118.14350128173828,118.14350128173828,22440000
118.32599639892578,119.44950103759766,118.322998046875,119.0155029296875,119.0155029296875,21572000
119.45249938964844,119.45249938964844,117.81300354003906,118.13400268554688,118.13400268554688,35224000
118.72100067138672,118.80349731445312,117.64250183105469,117.84249877929688,117.84249877929688,21482000
118.72200012207031,119.2854995727539,117.71399688720703,119.05899810791016,119.05899810791016,23354000
119.4574966430664,119.68199920654297,117.61799621582031,118.52950286865234,118.52950286865234,21158000
117.2864990234375,117.85099792480469,116.47599792480469,117.37899780273438,117.37899780273438,18696000
118.4635009765625,119.95149993896484,118.12049865722656,119.67849731445312,119.67849731445312,24458000
119.47200012207031,120.22550201416016,119.05000305175781,120.11499786376953,120.11499786376953,24120000
120.60050201416016,120.97599792480469,119.73899841308594,119.9219970703125,119.9219970703125,24240000
120.57150268554688,120.64399719238281,119.84500122070312,120.39700317382812,120.39700317382812,17942000
120.34600067138672,121.80000305175781,120.18900299072266,121.75650024414062,121.75650024414062,25904000
122.0,122.08599853515625,120.947998046875,121.51000213623047,121.51000213623047,21958000
121.61299896240234,122.44599914550781,120.9000015258789,122.44550323486328,122.44550323486328,22098000
122.44999694824219,122.77549743652344,121.05599975585938,121.41950225830078,121.41950225830078,21562000
121.5719985961914,121.88600158691406,119.47000122070312,120.77249908447266,120.77249908447266,26472000
120.69750213623047,122.52249908447266,120.5,121.74349975585938,121.74349975585938,25842000
121.36699676513672,121.60299682617188,120.01499938964844,120.11100006103516,120.11100006103516,46116000
120.50050354003906,122.0,119.89849853515625,121.8125,121.8125,27414000
121.75,122.4000015258789,121.06400299072266,122.33049774169922,122.33049774169922,22390000
122.09349822998047,123.09549713134766,121.83450317382812,122.12699890136719,122.12699890136719,19148000
122.69999694824219,123.05549621582031,122.30000305175781,122.5,122.5,21362000
122.0,122.63300323486328,121.56500244140625,122.50849914550781,122.50849914550781,34594000
122.67849731445312,122.78500366210938,121.40550231933594,122.53600311279297,122.53600311279297,28526000
122.67050170898438,123.02100372314453,121.69100189208984,122.27249908447266,122.27249908447266,23108000
121.99449920654297,122.25700378417969,121.35449981689453,122.0895004272461,122.0895004272461,24474000
121.7249984741211,122.58699798583984,121.53150177001953,122.44450378417969,122.44450378417969,18110000
123.1500015258789,125.40399932861328,123.05950164794922,125.25749969482422,125.25749969482422,25982000
125.64849853515625,126.4280014038086,124.5824966430664,126.19000244140625,126.19000244140625,26404000
127.16200256347656,127.28399658203125,126.15299987792969,126.4739990234375,126.4739990234375,24060000
124.0260009765625,125.59549713134766,124.02200317382812,125.04399871826172,125.04399871826172,23790000
125.0250015258789,125.7344970703125,124.55149841308594,125.51850128173828,125.51850128173828,18632000
126.1780014038086,127.06950378417969,125.61100006103516,126.97550201416016,126.97550201416016,17668000
127.03849792480469,128.0574951171875,126.67449951171875,127.34149932861328,127.34149932861328,19240000
127.95800018310547,129.32650756835938,127.91449737548828,128.23699951171875,128.23699951171875,23742000
128.6490020751953,128.6999969482422,126.52999877929688,127.00499725341797,127.00499725341797,24218000
127.66300201416016,127.8115005493164,126.15350341796875,126.97000122070312,126.97000122070312,20424000
126.0895004272461,126.20500183105469,123.50499725341797,124.5780029296875,124.5780029296875,27968000
125.52749633789062,127.04299926757812,124.35050201416016,126.20950317382812,126.20950317382812,26312000
126.13349914550781,127.59600067138672,126.02349853515625,127.54900360107422,127.54900360107422,20746000
127.84400177001953,128.48300170898438,127.4990005493164,128.42149353027344,128.42149353027344,14302000
130.4304962158203,133.3990020751953,129.80050659179688,133.01499938964844,133.01499938964844,41506000
133.32850646972656,134.23699951171875,132.30149841308594,134.03500366210938,134.03500366210938,30572000
134.25050354003906,134.3990020751953,130.10400390625,131.89999389648438,131.89999389648438,54710000
136.31199645996094,138.2969970703125,135.27749633789062,136.093994140625,136.093994140625,95130000
136.14999389648438,136.66099548339844,135.54299926757812,135.77749633789062,135.77749633789062,31716000
135.03500366210938,135.30450439453125,134.2550048828125,134.72650146484375,134.72650146484375,25576000
135.11700439453125,135.3365020751953,133.79400634765625,134.85450744628906,134.85450744628906,21634000
135.13499450683594,135.73199462890625,133.3195037841797,135.6300048828125,135.6300048828125,20762000
135.34950256347656,135.64950561523438,134.48699951171875,135.12550354003906,135.12550354003906,19676000
135.6804962158203,136.35000610351562,134.8459930419922,136.25149536132812,136.25149536132812,17870000
136.04200744628906,136.47250366210938,135.2100067138672,135.73849487304688,135.73849487304688,20488000
135.9425048828125,137.1840057373047,135.33949279785156,136.91299438476562,136.91299438476562,17760000
137.3419952392578,137.7725067138672,136.364501953125,136.8070068359375,136.8070068359375,19414000
137.18150329589844,137.6824951171875,136.27149963378906,136.2790069580078,136.2790069580078,15352000
135.97549438476562,137.3000030517578,135.42550659179688,137.19400024414062,137.19400024414062,16506000
137.25,137.85650634765625,137.0330047607422,137.7274932861328,137.7274932861328,15948000
137.52499389648438,138.3625030517578,135.2989959716797,138.3094940185547,138.3094940185547,22384000
137.75,138.2655029296875,136.08200073242188,136.6614990234375,136.6614990234375,21716000
136.5,137.10450744628906,135.32150268554688,135.44900512695312,135.44900512695312,19258000
134.4355010986328,136.3524932861328,134.25,135.67999267578125,135.67999267578125,21782000
136.0,137.5540008544922,135.25,137.42950439453125,137.42950439453125,31194000
137.96949768066406,140.87449645996094,137.6074981689453,140.04150390625,140.04150390625,28454000
140.6114959716797,142.0800018310547,140.3385009765625,141.26150512695312,141.26150512695312,19268000
141.625,142.1894989013672,141.37600708007812,142.07899475097656,142.07899475097656,15848000
141.75,142.41749572753906,141.35699462890625,141.4405059814453,141.4405059814453,20610000
141.65249633789062,144.5124969482422,141.4969940185547,144.00399780273438,144.00399780273438,28780000
144.39999389648438,145.9705047607422,144.16299438476562,144.5904998779297,144.5904998779297,24434000
145.14700317382812,145.17149353027344,144.281005859375,144.69749450683594,144.69749450683594,22448000
145.0,146.25399780273438,144.8834991455078,145.2154998779297,145.2154998779297,21936000
145.21600341796875,145.51950073242188,143.18499755859375,143.28700256347656,143.28700256347656,32342000
143.08050537109375,144.15499877929688,142.40049743652344,143.739501953125,143.739501953125,19850000
143.83450317382812,144.56500244140625,143.61900329589844,144.28050231933594,144.28050231933594,20124000
144.10000610351562,144.39999389648438,143.0,143.6909942626953,143.6909942626953,18344000
143.8404998779297,144.3105010986328,143.17750549316406,143.54100036621094,143.54100036621094,15314000
144.21249389648438,144.718505859375,140.73800659179688,140.87600708007812,140.87600708007812,36840000
141.94949340820312,142.9499969482422,141.25,142.33250427246094,142.33250427246094,22094000
142.99549865722656,143.36300659179688,141.75,142.54449462890625,142.54449462890625,19674000
142.77149963378906,144.45050048828125,141.34750366210938,144.42950439453125,144.42950439453125,27408000
143.95050048828125,144.3000030517578,142.40150451660156,143.61000061035156,143.61000061035156,26190000
143.03050231933594,143.4499969482422,140.47000122070312,140.8000030517578,140.8000030517578,53384000
138.1614990234375,139.0,136.32200622558594,138.71949768066406,138.71949768066406,46518000
139.74949645996094,140.01150512695312,138.2779998779297,139.0330047607422,139.0330047607422,25332000
139.3040008544922,140.88699340820312,138.55149841308594,140.2834930419922,140.2834930419922,25056000
140.9875030517578,141.69650268554688,140.40150451660156,141.21600341796875,141.21600341796875,20952000
140.5384979248047,142.33050537109375,140.24099731445312,142.21499633789062,142.21499633789062,22984000
140.80450439453125,141.93850708007812,140.0675048828125,141.07200622558594,141.07200622558594,21882000
138.65499877929688,139.09649658203125,135.36000061035156,135.8300018310547,135.8300018310547,45772000
136.97999572753906,137.1510009765625,133.86500549316406,134.35350036621094,134.35350036621094,30848000
134.26150512695312,135.54249572753906,133.55599975585938,133.67599487304688,133.67599487304688,37996000
134.44749450683594,136.91050720214844,134.072998046875,136.54299926757812,136.54299926757812,35360000
135.9604949951172,135.9604949951172,131.0500030517578,133.6595001220703,133.6595001220703,51202000
134.04100036621094,137.22450256347656,134.04100036621094,136.0229949951172,136.0229949951172,32404000
134.75,137.75,134.5500030517578,137.56500244140625,137.56500244140625,24364000
138.89199829101562,140.04200744628906,138.6510009765625,139.22500610351562,139.22500610351562,25110000
139.57699584960938,140.33099365234375,139.21749877929688,139.78550720214844,139.78550720214844,26526000
139.29200744628906,140.71200561523438,138.85899353027344,138.91400146484375,138.91400146484375,17954000
139.47999572753906,139.5070037841797,135.75999450683594,136.44900512695312,136.44900512695312,36332000
137.40249633789062,138.0,136.5189971923828,137.58200073242188,137.58200073242188,19654000
139.4739990234375,141.33749389648438,138.8249969482422,141.1510009765625,141.1510009765625,31894000
141.614501953125,141.71800231933594,140.7550048828125,141.3679962158203,141.3679962158203,30274000
141.07650756835938,142.79600524902344,141.0695037841797,142.7779998779297,142.7779998779297,20396000
143.3874969482422,143.66250610351562,142.60000610351562,143.23699951171875,143.23699951171875,20164000
143.33799743652344,143.54600524902344,141.37649536132812,141.7689971923828,141.7689971923828,23288000
141.7689971923828,142.156005859375,140.5,141.88600158691406,141.88600158691406,26292000
139.14999389648438,140.58299255371094,136.05599975585938,137.56649780273438,137.56649780273438,50588000
137.5500030517578,138.0,135.4239959716797,137.44700622558594,137.44700622558594,34412000
139.2635040283203,140.08299255371094,138.30450439453125,139.30850219726562,139.30850219726562,49236000
139.40499877929688,148.64999389648438,139.40499877929688,146.21749877929688,146.21749877929688,85782000
147.13450622558594,147.1580047607422,144.6269989013672,145.8489990234375,145.8489990234375,36206000
145.0780029296875,148.24200439453125,144.64950561523438,148.04600524902344,148.04600524902344,43320000
148.04600524902344,148.04600524902344,143.22549438476562,143.4969940185547,143.4969940185547,46924000
144.57949829101562,146.60899353027344,144.3354949951172,145.4324951171875,145.4324951171875,33482000
145.90049743652344,146.66900634765625,144.59100341796875,146.59800720214844,146.59800720214844,27494000
147.12449645996094,149.73350524902344,146.30799865722656,148.2675018310547,148.2675018310547,38412000
149.16949462890625,150.32749938964844,148.19700622558594,148.8520050048828,148.8520050048828,38354000
149.8249969482422,150.61500549316406,148.4304962158203,149.031005859375,149.031005859375,23052000
149.23300170898438,149.83450317382812,147.2449951171875,148.9185028076172,148.9185028076172,19530000
147.5,148.07000732421875,144.53750610351562,145.89349365234375,145.89349365234375,29970000
146.489501953125,147.53550720214844,145.60049438476562,145.76649475097656,145.76649475097656,16518000
146.61549377441406,148.85000610351562,145.41099548339844,148.67799377441406,148.67799377441406,22360000
148.90049743652344,149.54949951171875,147.5749969482422,148.45199584960938,148.45199584960938,23508000
148.14950561523438,148.7624969482422,147.3125,147.87600708007812,147.87600708007812,18904000
148.02749633789062,148.5594940185547,147.24000549316406,148.0469970703125,148.0469970703125,19594000
148.2415008544922,150.58050537109375,147.88450622558594,149.8385009765625,149.8385009765625,35608000
149.97549438476562,150.9665069580078,148.8990020751953,148.92649841308594,148.92649841308594,33682000
149.33250427246094,149.82949829101562,146.1475067138672,146.302001953125,146.302001953125,30594000
146.1529998779297,146.66000366210938,144.11500549316406,145.78199768066406,145.78199768066406,27218000
145.47349548339844,146.24949645996094,144.3730010986328,146.1199951171875,146.1199951171875,18040000
144.34849548339844,144.5574951171875,141.84249877929688,142.18299865722656,142.18299865722656,30470000
144.0,146.29750061035156,143.89349365234375,145.53050231933594,145.53050231933594,32596000
145.0084991455078,146.0,141.60150146484375,141.8975067138672,141.8975067138672,42068000
144.0,145.95050048828125,140.91200256347656,141.05149841308594,141.05149841308594,34020000
141.25,143.864501953125,140.21449279785156,142.96600341796875,142.96600341796875,29194000
143.68099975585938,144.39999389648438,140.30099487304688,142.00149536132812,142.00149536132812,41230000
143.04049682617188,143.8524932861328,140.14999389648438,143.15499877929688,143.15499877929688,30618000
145.59649658203125,147.531005859375,145.2274932861328,147.26950073242188,147.26950073242188,32240000
147.59649658203125,148.39300537109375,146.406005859375,148.18649291992188,148.18649291992188,24270000
147.59100341796875,149.10000610351562,147.11500549316406,147.6385040283203,147.6385040283203,23270000
148.6999969482422,148.9774932861328,146.70399475097656,148.00149536132812,148.00149536132812,24458000
147.781494140625,147.97000122070312,145.5175018310547,145.82650756835938,145.82650756835938,27070000
143.96800231933594,144.47999572753906,141.21499633789062,143.90699768066406,143.90699768066406,38446000
143.40899658203125,146.7209930419922,141.67799377441406,146.4409942626953,146.4409942626953,36370000
147.17050170898438,147.677001953125,143.60699462890625,144.44500732421875,144.44500732421875,33650000
142.5,143.83450317382812,141.3000030517578,141.72500610351562,141.72500610351562,50416000
140.0,141.77450561523438,139.3209991455078,141.60699462890625,141.60699462890625,27192000
142.05349731445312,143.86900329589844,140.50250244140625,143.47250366210938,143.47250366210938,28756000
143.0675048828125,146.5,143.0675048828125,146.4149932861328,146.4149932861328,26322000
146.5,148.24349975585938,146.45199584960938,146.91650390625,146.91650390625,26384000
147.25599670410156,148.343994140625,147.16949462890625,147.906494140625,147.906494140625,15976000
148.23599243164062,148.2989959716797,146.05450439453125,146.68699645996094,146.68699645996094,18200000
146.64450073242188,147.41700744628906,145.6475067138672,146.65499877929688,146.65499877929688,17788000
146.69400024414062,147.3000030517578,145.9945068359375,146.20050048828125,146.20050048828125,15688000
146.0500030517578,146.69850158691406,144.8520050048828,144.8520050048828,144.8520050048828,18136000
145.05499267578125,145.8509979248047,143.71299743652344,144.9915008544922,144.9915008544922,28646000
145.39599609375,146.48500061035156,143.7165069580078,144.39950561523438,144.39950561523438,28400000
144.4199981689453,144.49949645996094,137.68800354003906,137.77499389648438,137.77499389648438,54618000
136.99850463867188,139.94000244140625,136.55850219726562,137.74749755859375,137.74749755859375,37348000
138.14549255371094,138.44850158691406,135.76649475097656,137.01699829101562,137.01699829101562,29760000
135.0780029296875,138.8195037841797,133.1645050048828,138.66949462890625,138.66949462890625,44408000
138.0070037841797,140.21600341796875,136.6925048828125,139.73599243164062,139.73599243164062,28730000
141.14999389648438,142.60800170898438,140.6945037841797,141.4304962158203,141.4304962158203,26108000
141.5399932861328,142.85000610351562,138.40899658203125,138.58700561523438,138.58700561523438,31436000
137.07899475097656,140.74200439453125,136.99850463867188,139.48049926757812,139.48049926757812,29662000
136.1750030517578,137.13150024414062,135.43850708007812,135.9980010986328,135.9980010986328,34872000
136.52349853515625,137.95950317382812,135.0155029296875,135.1165008544922,135.1165008544922,28648000
136.25,137.62600708007812,132.96449279785156,133.3074951171875,133.3074951171875,29908000
132.593505859375,134.86549377441406,130.0865020751953,130.35150146484375,130.35150146484375,55652000
125.97799682617188,131.2030029296875,124.5,130.8040008544922,130.8040008544922,76622000
128.74000549316406,129.3990020751953,126.50050354003906,126.93499755859375,126.93499755859375,46960000
131.11900329589844,133.0,127.14199829101562,129.23300170898438,129.23300170898438,49130000
131.3040008544922,132.65249633789062,128.9324951171875,129.0050048828125,129.0050048828125,31950000
129.65899658203125,133.35650634765625,128.48500061035156,133.3509979248047,133.3509979248047,34362000
134.16200256347656,135.47300720214844,132.20950317382812,135.30349731445312,135.30349731445312,39986000
137.59449768066406,137.79299926757812,134.36849975585938,137.6439971923828,137.6439971923828,68644000
151.25,151.54649353027344,145.5225067138672,148.0,148.0,123200000
145.70550537109375,149.6750030517578,142.66549682617188,143.08999633789062,143.08999633789062,71518000
143.4445037841797,144.875,140.51499938964844,143.29299926757812,143.29299926757812,57998000
144.25,144.25,138.89999389648438,139.2010040283203,139.2010040283203,54974000
139.02650451660156,140.0,137.01400756835938,139.3990020751953,139.3990020751953,54284000
140.9635009765625,142.52450561523438,140.18699645996094,141.5919952392578,141.5919952392578,40144000
139.70350646972656,141.4844970703125,137.95700073242188,138.6199951171875,138.6199951171875,39330000
138.60000610351562,139.156494140625,133.39999389648438,134.28250122070312,134.28250122070312,39958000
133.25650024414062,136.3000030517578,133.25650024414062,135.5260009765625,135.5260009765625,34302000
137.57049560546875,138.10850524902344,135.82150268554688,136.60850524902344,136.60850524902344,26680000
136.64649963378906,138.08599853515625,134.9239959716797,137.73800659179688,137.73800659179688,25022000
136.2429962158203,137.11349487304688,132.47850036621094,132.53900146484375,132.53900146484375,38950000
133.4669952392578,134.07000732421875,130.19650268554688,130.4029998779297,130.4029998779297,45620000
129.83799743652344,132.1804962158203,128.22349548339844,129.81350708007812,129.81350708007812,44990000
131.64849853515625,132.05099487304688,127.52749633789062,127.58799743652344,127.58799743652344,32786000
124.95349884033203,133.0,124.95349884033203,132.6909942626953,132.6909942626953,54456000
133.552001953125,135.27149963378906,131.75149536132812,134.45950317382812,134.45950317382812,36406000
133.0500030517578,135.75149536132812,132.59249877929688,135.0570068359375,135.0570068359375,38864000
134.8784942626953,136.2554931640625,133.218505859375,134.06149291992188,134.06149291992188,26496000
134.6280059814453,135.2624969482422,133.07150268554688,134.57150268554688,134.57150268554688,23520000
136.00999450683594,136.4394989013672,133.02549743652344,133.89950561523438,133.89950561523438,24604000
132.92750549316406,133.85150146484375,130.33749389648438,131.906494140625,131.906494140625,30430000
131.48800659179688,131.73500061035156,126.29499816894531,126.37850189208984,126.37850189208984,45112000
126.25,131.25,125.67449951171875,127.10449981689453,127.10449981689453,40428000
131.25,133.73550415039062,129.90049743652344,133.4199981689453,133.4199981689453,37026000
131.26600646972656,133.27200317382812,130.91250610351562,132.42950439453125,132.42950439453125,27102000
133.48849487304688,133.79550170898438,129.63150024414062,129.87049865722656,129.87049865722656,31526000
130.25,130.40899658203125,125.2750015258789,125.95099639892578,125.95099639892578,38812000
126.97599792480469,129.85450744628906,125.72049713134766,129.197998046875,129.197998046875,30920000
130.73300170898438,133.33299255371094,128.7344970703125,133.28050231933594,133.28050231933594,35576000
133.1490020751953,134.08050537109375,132.18499755859375,133.83900451660156,133.83900451660156,28264000
133.42449951171875,136.24400329589844,132.2584991455078,136.12550354003906,136.12550354003906,44566000
136.1634979248047,137.0500030517578,134.09249877929688,136.10150146484375,136.10150146484375,26832000
136.10150146484375,141.0500030517578,136.10150146484375,139.8679962158203,139.8679962158203,35496000
138.70249938964844,139.5885009765625,137.8350067138672,138.27549743652344,138.27549743652344,25154000
139.1999969482422,141.61900329589844,137.75050354003906,141.57200622558594,141.57200622558594,26396000
141.91600036621094,142.03500366210938,139.7375030517578,141.67300415039062,141.67300415039062,24126000
140.90049743652344,142.00250244140625,139.81149291992188,141.45550537109375,141.45550537109375,35050000
142.6475067138672,143.7935028076172,142.0384979248047,142.5054931640625,142.5054931640625,34318000
142.4600067138672,142.7205047607422,141.60000610351562,141.93850708007812,141.93850708007812,19884000
142.05299377441406,142.10800170898438,139.02450561523438,139.0675048828125,139.0675048828125,37524000
139.5,140.4709930419922,138.3074951171875,140.15049743652344,140.15049743652344,25942000
140.35850524902344,143.71200561523438,140.3105010986328,142.97149658203125,142.97149658203125,25942000
142.86900329589844,142.99049377441406,140.38250732421875,140.59100341796875,140.59100341796875,21418000
138.75,139.36050415039062,135.51699829101562,136.54800415039062,136.54800415039062,32468000
136.00999450683594,137.1645050048828,134.2274932861328,135.8885040283203,135.8885040283203,26234000
135.58349609375,135.6699981689453,132.9654998779297,133.28750610351562,133.28750610351562,25142000
131.82350158691406,132.09249877929688,128.6685028076172,128.82350158691406,128.82350158691406,36884000
131.60000610351562,131.60000610351562,126.78900146484375,127.7145004272461,127.7145004272461,32710000
128.0,130.33399963378906,127.74099731445312,129.8939971923828,129.8939971923828,27928000
130.47950744628906,130.47950744628906,126.60099792480469,126.7300033569336,126.7300033569336,31598000
127.0,128.21249389648438,126.18199920654297,127.67649841308594,127.67649841308594,20808000
127.69149780273438,130.33299255371094,126.99949645996094,130.00900268554688,130.00900268554688,26490000
130.89199829101562,131.3990020751953,127.5,128.0399932861328,128.0399932861328,31696000
129.25,130.09849548339844,124.52649688720703,124.81449890136719,124.81449890136719,36446000
125.0,125.4020004272461,118.92500305175781,119.635498046875,119.635498046875,56884000
119.10099792480469,123.27749633789062,118.51100158691406,123.0739974975586,123.0739974975586,46128000
122.29450225830078,122.51000213623047,118.51100158691406,118.6500015258789,118.6500015258789,73054000
114.46949768066406,117.24199676513672,112.73650360107422,114.29450225830078,114.29450225830078,91820000
116.41500091552734,119.64949798583984,114.11499786376953,118.52249908447266,118.52249908447266,48884000
116.7344970703125,117.91999816894531,113.81449890136719,114.1094970703125,114.1094970703125,42676000
113.40499877929688,116.74549865722656,112.5999984741211,116.58300018310547,116.58300018310547,35534000
116.43049621582031,118.44200134277344,116.03450012207031,117.33399963378906,117.33399963378906,24968000
117.03150177001953,122.85449981689453,115.11599731445312,122.26100158691406,122.26100158691406,49916000
120.2040023803711,121.03900146484375,115.00550079345703,116.50550079345703,116.50550079345703,45840000
115.18450164794922,117.57150268554688,114.0155029296875,115.74649810791016,115.74649810791016,39710000
113.25,115.0770034790039,112.00050354003906,112.51100158691406,112.51100158691406,40802000
115.50749969482422,116.25,112.90049743652344,114.3949966430664,114.3949966430664,39900000
113.23650360107422,116.364501953125,113.23650360107422,113.60250091552734,113.60250091552734,37534000
111.37750244140625,114.29499816894531,109.82450103759766,112.84400177001953,112.84400177001953,53836000
114.53299713134766,117.875,113.6050033569336,116.05049896240234,116.05049896240234,35038000
114.95549774169922,116.16999816894531,113.8895034790039,114.44499969482422,114.44499969482422,25990000
116.84049987792969,116.9000015258789,114.87000274658203,116.4729995727539,116.4729995727539,23054000
115.0,115.4000015258789,111.55549621582031,111.89949798583984,111.89949798583984,35126000
111.43150329589844,113.01000213623047,110.0,110.38400268554688,110.38400268554688,34144000
111.95099639892578,112.18350219726562,105.79650115966797,108.90799713134766,108.90799713134766,48962000
109.5875015258789,112.14749908447266,108.74099731445312,111.48799896240234,111.48799896240234,37184000
105.77200317382812,106.45850372314453,101.8844985961914,105.97000122070312,105.97000122070312,76780000
104.9854965209961,106.5,103.85649871826172,105.80500030517578,105.80500030517578,40258000
105.677001953125,108.64949798583984,105.2249984741211,107.7925033569336,107.7925033569336,37948000
109.48300170898438,112.31800079345703,109.13849639892578,112.31649780273438,112.31649780273438,37914000
112.74649810791016,115.73500061035156,112.07849884033203,113.76200103759766,113.76200103759766,50012000
114.8550033569336,117.10150146484375,113.25,113.89199829101562,113.89199829101562,36606000
114.0,117.89949798583984,112.94650268554688,117.62249755859375,117.62249755859375,37992000
116.0625,116.32150268554688,113.51850128173828,114.54100036621094,114.54100036621094,26136000
116.70449829101562,119.34700012207031,116.16400146484375,116.82050323486328,116.82050323486328,33542000
115.48049926757812,117.69100189208984,115.052001953125,117.14949798583984,117.14949798583984,31590000
116.7614974975586,118.57050323486328,116.5999984741211,117.19400024414062,117.19400024414062,26108000
116.32749938964844,118.29900360107422,114.7760009765625,114.83550262451172,114.83550262451172,25798000
112.44499969482422,113.27899932861328,110.36599731445312,111.1614990234375,111.1614990234375,41452000
106.7864990234375,108.79149627685547,106.11900329589844,106.39250183105469,106.39250183105469,47252000
106.53500366210938,107.92449951171875,105.80000305175781,106.71549987792969,106.71549987792969,33706000
108.54499816894531,111.42350006103516,107.66950225830078,109.7645034790039,109.7645034790039,39698000
107.22100067138672,108.64849853515625,105.13800048828125,106.03350067138672,106.03350067138672,51684000
106.03350067138672,108.69950103759766,105.0459976196289,107.14350128173828,107.14350128173828,51376000
108.92949676513672,112.489501953125,108.5999984741211,111.54399871826172,111.54399871826172,47416000
110.55650329589844,113.34649658203125,110.38249969482422,111.48750305175781,111.48750305175781,30774000
112.23149871826172,112.74250030517578,110.50050354003906,112.24199676513672,112.24199676513672,28362000
112.99500274658203,118.0790023803711,112.95249938964844,117.9749984741211,117.9749984741211,41164000
118.27300262451172,118.57949829101562,115.17949676513672,115.83350372314453,115.83350372314453,36420000
115.80249786376953,117.30950164794922,111.8479995727539,112.00749969482422,112.00749969482422,35792000
111.552001953125,113.1604995727539,110.87249755859375,111.70149993896484,111.70149993896484,24716000
110.0,110.88800048828125,106.75,108.96299743652344,108.96299743652344,43170000
107.93299865722656,109.25,106.73049926757812,108.73750305175781,108.73750305175781,35476000
107.10050201416016,113.37699890136719,105.73149871826172,113.26300048828125,113.26300048828125,39342000
113.302001953125,115.5895004272461,111.47599792480469,114.5719985961914,114.5719985961914,37432000
115.08000183105469,119.18949890136719,114.83350372314453,118.78299713134766,118.78299713134766,40936000
117.25,119.68499755859375,116.90149688720703,119.35350036621094,119.35350036621094,38238000
117.99800109863281,117.99800109863281,115.33049774169922,115.67649841308594,115.67649841308594,31196000
116.21499633789062,116.9739990234375,113.69000244140625,114.02050018310547,114.02050018310547,29960000
111.70099639892578,114.19599914550781,111.20149993896484,111.35350036621094,111.35350036621094,43722000
110.21050262451172,111.09300231933594,108.37300109863281,110.36750030517578,110.36750030517578,37004000
112.00050354003906,113.1405029296875,110.9000015258789,111.77749633789062,111.77749633789062,46770000
112.63999938964844,113.68000030517578,108.37000274658203,109.02999877929688,109.02999877929688,43164600
110.8499984741211,114.0199966430664,109.55999755859375,113.80999755859375,113.80999755859375,36530900
113.16999816894531,115.4000015258789,112.4800033569336,113.9000015258789,113.9000015258789,35600400
114.27999877929688,114.55000305175781,111.11000061035156,114.33999633789062,114.33999633789062,32676200
111.0,112.33999633789062,106.5,107.9000015258789,107.9000015258789,48901200
108.41000366210938,109.87000274658203,106.30000305175781,107.51000213623047,107.51000213623047,34690900
106.5999984741211,107.19999694824219,104.06999969482422,105.0199966430664,105.0199966430664,47991000
109.26000213623047,113.91000366210938,108.01000213623047,113.05999755859375,113.05999755859375,59858500
112.37000274658203,114.33999633789062,111.45999908447266,114.22000122070312,114.22000122070312,32816600
113.08000183105469,116.70999908447266,113.05999755859375,116.31999969482422,116.31999969482422,37223400
115.30000305175781,116.72000122070312,114.33999633789062,114.86000061035156,114.86000061035156,26034300
114.0,116.3499984741211,113.72000122070312,115.12999725341797,115.12999725341797,20236000
115.70999908447266,118.62000274658203,115.4800033569336,118.08000183105469,118.08000183105469,28499000
117.4800033569336,118.77999877929688,116.88999938964844,118.19000244140625,118.19000244140625,21602900
116.2300033569336,118.11000061035156,116.0,117.47000122070312,117.47000122070312,19159500
118.38999938964844,120.1500015258789,116.87999725341797,117.30000305175781,117.30000305175781,19138300
117.13999938964844,117.31999969482422,115.70999908447266,116.62999725341797,116.62999725341797,19086500
118.77999877929688,120.91999816894531,118.41000366210938,119.69999694824219,119.69999694824219,30930400
121.27999877929688,121.48999786376953,118.55999755859375,118.83999633789062,118.83999633789062,24293700
120.26000213623047,121.68000030517578,119.45999908447266,121.68000030517578,121.68000030517578,19096300
121.12999725341797,122.30000305175781,120.61000061035156,122.08000183105469,122.08000183105469,19494800
121.5199966430664,122.43000030517578,120.63999938964844,121.69999694824219,121.69999694824219,19041200
120.12000274658203,121.29000091552734,119.37999725341797,119.55000305175781,119.55000305175781,22847000
119.43000030517578,120.81999969482422,118.72000122070312,120.16999816894531,120.16999816894531,17987700
119.05999755859375,119.1500015258789,116.76000213623047,117.20999908447266,117.20999908447266,21809500
115.19999694824219,115.62999725341797,113.8499984741211,114.23999786376953,114.23999786376953,21456600
113.4800033569336,115.01000213623047,113.43000030517578,113.86000061035156,113.86000061035156,15870400
113.5,114.77999877929688,112.87000274658203,113.69000244140625,113.69000244140625,17734600
114.23999786376953,116.72000122070312,114.11000061035156,116.6500015258789,116.6500015258789,16956800
114.72000122070312,115.12000274658203,110.19000244140625,110.33999633789062,110.33999633789062,37245700
109.98999786376953,110.94999694824219,108.80000305175781,109.41999816894531,109.41999816894531,21191200
110.16999816894531,110.5,107.80000305175781,108.94000244140625,108.94000244140625,27513300
110.6500015258789,110.8499984741211,108.12999725341797,108.22000122070312,108.22000122070312,28627000
108.27999877929688,110.44999694824219,107.36000061035156,109.73999786376953,109.73999786376953,28360900
110.58999633789062,110.73999786376953,107.26000213623047,107.8499984741211,107.8499984741211,24160700
107.30000305175781,108.02999877929688,105.77999877929688,106.80999755859375,106.80999755859375,25068300
107.05999755859375,109.9800033569336,106.9000015258789,109.44999694824219,109.44999694824219,23167000
108.04000091552734,109.5999984741211,107.16000366210938,108.37999725341797,108.37999725341797,24238300
109.06999969482422,110.98999786376953,109.0199966430664,110.6500015258789,110.6500015258789,23197700
110.98999786376953,111.62000274658203,109.93000030517578,110.86000061035156,110.86000061035156,22966800
107.80000305175781,108.30000305175781,104.08999633789062,104.31999969482422,104.31999969482422,38172900
104.56999969482422,105.27999877929688,103.66000366210938,105.0,105.0,26395100
104.02999877929688,105.2699966430664,102.3499984741211,102.91000366210938,102.91000366210938,34188300
102.06999969482422,103.12999725341797,100.94000244140625,102.80000305175781,102.80000305175781,42797200
101.75,103.33000183105469,101.55000305175781,103.06999969482422,103.06999969482422,23036800
102.08000183105469,102.37000274658203,100.5199966430664,101.13999938964844,101.13999938964844,26517100
101.66999816894531,102.87999725341797,99.2699966430664,99.27999877929688,99.27999877929688,31487300
98.81999969482422,101.23999786376953,98.79000091552734,100.13999938964844,100.13999938964844,34298600
99.62999725341797,99.66000366210938,97.47000122070312,98.73999786376953,98.73999786376953,31625400
98.0999984741211,99.87999725341797,97.80000305175781,98.16999816894531,98.16999816894531,27072700
99.43000030517578,100.0,96.87000274658203,97.5,97.5,30072800
97.6500015258789,100.69999694824219,97.11000061035156,100.05000305175781,100.05000305175781,32466300
98.63999938964844,98.63999938964844,95.95999908447266,97.41999816894531,97.41999816894531,31047200
97.05000305175781,98.9000015258789,95.55999755859375,95.6500015258789,95.6500015258789,32941500
96.76000213623047,99.29000091552734,96.5199966430664,98.63999938964844,98.63999938964844,27982000
100.44000244140625,101.83999633789062,100.37999725341797,101.63999938964844,101.63999938964844,28850800
99.83000183105469,101.93000030517578,98.80000305175781,101.43000030517578,101.43000030517578,22176900
100.68000030517578,102.93000030517578,100.58999633789062,101.41999816894531,101.41999816894531,22324000
99.8499984741211,100.52999877929688,98.30000305175781,98.68000030517578,98.68000030517578,27502800
99.0,99.0999984741211,97.01000213623047,97.86000061035156,97.86000061035156,18225100
97.43000030517578,99.25,96.30999755859375,97.18000030517578,97.18000030517578,26507100
97.30000305175781,98.75,96.73999786376953,97.55999755859375,97.55999755859375,21876400
95.1500015258789,99.77999877929688,94.37999725341797,99.05999755859375,99.05999755859375,34574500
99.98999786376953,100.69000244140625,96.37000274658203,96.55999755859375,96.55999755859375,25410700
98.86000061035156,100.93000030517578,98.83000183105469,99.97000122070312,99.97000122070312,28419200
103.12999725341797,103.47000122070312,99.97000122070312,100.7699966430664,100.7699966430664,24060700
100.01000213623047,101.0199966430664,98.91999816894531,99.62999725341797,99.62999725341797,23811100
100.0,102.31999969482422,99.38999938964844,99.97000122070312,99.97000122070312,25323200
97.8499984741211,101.30999755859375,97.72000122070312,101.12999725341797,101.12999725341797,32458700
101.80000305175781,102.75,99.9800033569336,102.5199966430664,102.5199966430664,27176400
102.9000015258789,104.81999969482422,102.72000122070312,104.4800033569336,104.4800033569336,40611400
96.43000030517578,98.30999755859375,94.69000244140625,94.93000030517578,94.93000030517578,88114100
94.5199966430664,95.43000030517578,91.80000305175781,92.22000122070312,92.22000122070312,60710900
92.2699966430664,96.55000305175781,92.12999725341797,96.29000091552734,96.29000091552734,43697300
95.41999816894531,96.02999877929688,93.9800033569336,94.51000213623047,94.51000213623047,31675000
95.44999694824219,96.02999877929688,90.37000274658203,90.47000122070312,90.47000122070312,47161400
90.94000244140625,91.18000030517578,86.87999725341797,86.97000122070312,86.97000122070312,57038300
86.31999969482422,86.5199966430664,83.33999633789062,83.43000030517578,83.43000030517578,61288000
85.4000015258789,86.63999938964844,83.70999908447266,86.58000183105469,86.58000183105469,51124900
87.27999877929688,88.9000015258789,86.8499984741211,88.48999786376953,88.48999786376953,34078900
88.9000015258789,90.31999969482422,87.58999633789062,88.9000015258789,88.9000015258789,30429000
88.44999694824219,89.44000244140625,87.27999877929688,87.31999969482422,87.31999969482422,31769100
92.25,94.38999938964844,91.61000061035156,93.94000244140625,93.94000244140625,51620100
94.69000244140625,96.93000030517578,93.91999816894531,96.41000366210938,96.41000366210938,33090500
95.08999633789062,96.79000091552734,94.51000213623047,95.69999694824219,95.69999694824219,30179500
98.26000213623047,100.13999938964844,96.70999908447266,98.44000244140625,98.44000244140625,41640800
97.9000015258789,99.63999938964844,97.63999938964844,98.8499984741211,98.8499984741211,29105200
96.97000122070312,99.27999877929688,96.79000091552734,98.36000061035156,98.36000061035156,26052600
98.7699966430664,98.9000015258789,96.37000274658203,97.43000030517578,97.43000030517578,28342300
97.29000091552734,98.4000015258789,95.36000061035156,95.5999984741211,95.5999984741211,21647400
95.94999694824219,97.22000122070312,94.05000305175781,97.05000305175781,97.05000305175781,23438500
97.08999633789062,98.76000213623047,97.08999633789062,98.45999908447266,98.45999908447266,18868100
98.23999786376953,98.63999938964844,97.4000015258789,97.45999908447266,97.45999908447266,9701400
97.04000091552734,97.58000183105469,95.61000061035156,96.05000305175781,96.05000305175781,26237500
95.7300033569336,96.12000274658203,94.11000061035156,95.19000244140625,95.19000244140625,20061700
94.81999969482422,101.04000091552734,94.41999816894531,100.98999786376953,100.98999786376953,43647500
101.0199966430664,102.25,100.25,100.98999786376953,100.98999786376953,28687100
99.05000305175781,100.7699966430664,98.9000015258789,100.44000244140625,100.44000244140625,21480700
99.4000015258789,101.37999725341797,99.0,99.4800033569336,99.4800033569336,24405100
99.30000305175781,99.77999877929688,96.41999816894531,96.9800033569336,96.9800033569336,24910700
96.41000366210938,96.87999725341797,94.72000122070312,94.94000244140625,94.94000244140625,31045400
95.37999725341797,95.58000183105469,93.44999694824219,93.70999908447266,93.70999908447266,32213300
93.7699966430664,94.26000213623047,92.75,92.83000183105469,92.83000183105469,28225400
92.70999908447266,93.55999755859375,91.61000061035156,93.30999755859375,93.30999755859375,29420000
97.76000213623047,99.52999877929688,95.02999877929688,95.62999725341797,95.62999725341797,40593700
95.19999694824219,96.87000274658203,93.5999984741211,95.06999969482422,95.06999969482422,28733600
93.12999725341797,93.63999938964844,90.01000213623047,90.86000061035156,90.86000061035156,40107000
90.76000213623047,91.33000183105469,89.5199966430664,90.26000213623047,90.26000213623047,58011800
90.26000213623047,90.55999755859375,88.20999908447266,88.44000244140625,88.44000244140625,29493000
88.11000061035156,89.18000030517578,87.44000244140625,89.0199966430664,89.0199966430664,23453800
89.08000183105469,90.22000122070312,88.31999969482422,89.58000183105469,89.58000183105469,24745600
88.16000366210938,88.54000091552734,86.31999969482422,87.76000213623047,87.76000213623047,27658300
87.11000061035156,89.55000305175781,87.06999969482422,89.2300033569336,89.2300033569336,23003000
88.80000305175781,88.94000244140625,87.01000213623047,87.38999938964844,87.38999938964844,20097300
86.9800033569336,88.04000091552734,85.94000244140625,86.0199966430664,86.0199966430664,19523200
86.62000274658203,88.8499984741211,86.61000061035156,88.44999694824219,88.44999694824219,23333500
86.9800033569336,88.30000305175781,86.56999969482422,88.2300033569336,88.2300033569336,23986300
89.58999633789062,91.05000305175781,88.5199966430664,89.12000274658203,89.12000274658203,28131200
90.3499984741211,90.6500015258789,87.2699966430664,88.08000183105469,88.08000183105469,34854800
87.47000122070312,87.56999969482422,85.9000015258789,86.19999694824219,86.19999694824219,27194400
86.79000091552734,87.69000244140625,84.86000061035156,87.33999633789062,87.33999633789062,41381500
88.36000061035156,90.05000305175781,87.86000061035156,88.0199966430664,88.0199966430664,29003900
85.9800033569336,88.66999816894531,85.83000183105469,88.41999816894531,88.41999816894531,30467800
89.18000030517578,91.5999984741211,89.01000213623047,91.5199966430664,91.5199966430664,26862000
91.4800033569336,91.87000274658203,89.75,91.12999725341797,91.12999725341797,30258100
90.8499984741211,92.19000244140625,90.12999725341797,92.12000274658203,92.12000274658203,26329200
92.05999755859375,92.25,90.05000305175781,91.29000091552734,91.29000091552734,32602400
92.13999938964844,92.80000305175781,90.63999938964844,91.12000274658203,91.12000274658203,29116700
90.72000122070312,93.61000061035156,90.62999725341797,93.05000305175781,93.05000305175781,37000400
95.0999984741211,98.30000305175781,95.0199966430664,98.0199966430664,98.0199966430664,63191100
97.94999694824219,100.04000091552734,97.5,99.79000091552734,99.79000091552734,40005100
98.0999984741211,99.61000061035156,97.19999694824219,97.69999694824219,97.69999694824219,33078500
95.56999969482422,96.16000366210938,93.76000213623047,95.22000122070312,95.22000122070312,42330000
96.5,97.56999969482422,95.37999725341797,97.5199966430664,97.5199966430664,30114000
97.30999755859375,100.31999969482422,97.30999755859375,99.37000274658203,99.37000274658203,33879800
97.4800033569336,98.29000091552734,96.4000015258789,96.94000244140625,96.94000244140625,27226200
96.87000274658203,98.87999725341797,96.81999969482422,98.83999633789062,98.83999633789062,29870700
98.70999908447266,101.19000244140625,97.58000183105469,100.43000030517578,100.43000030517578,35531100
105.80000305175781,107.8499984741211,105.61000061035156,107.73999786376953,107.73999786376953,69883800
102.93000030517578,107.80999755859375,102.58000183105469,104.77999877929688,104.77999877929688,65309300
102.4000015258789,104.36000061035156,101.87999725341797,102.9000015258789,102.9000015258789,31999600
103.22000122070312,108.18000030517578,103.12000274658203,107.63999938964844,107.63999938964844,49010200
102.05000305175781,103.13999938964844,98.04000091552734,99.37000274658203,99.37000274658203,94743500
100.0,100.02999877929688,93.62999725341797,95.01000213623047,95.01000213623047,119455000
95.44999694824219,96.75,94.25,94.56999969482422,94.56999969482422,54980700
94.73999786376953,95.19999694824219,93.83999633789062,94.61000061035156,94.61000061035156,50076100
94.43000030517578,94.8499984741211,92.26000213623047,94.68000030517578,94.68000030517578,54726100
94.48999786376953,97.12000274658203,94.1500015258789,96.94000244140625,96.94000244140625,50169000
95.37000274658203,97.68000030517578,94.73999786376953,95.51000213623047,95.51000213623047,42462600
94.8499984741211,95.55999755859375,93.20999908447266,94.3499984741211,94.3499984741211,34284100
93.0,93.0999984741211,91.72000122070312,91.79000091552734,91.79000091552734,33629300
91.69999694824219,92.11000061035156,90.61000061035156,91.6500015258789,91.6500015258789,30884000
91.91999816894531,91.94000244140625,89.76000213623047,90.88999938964844,90.88999938964844,41206400
89.44000244140625,89.88999938964844,88.58000183105469,89.12999725341797,89.12999725341797,36585100
89.87000274658203,90.16000366210938,89.33999633789062,89.87000274658203,89.87000274658203,27502300
89.33000183105469,91.2300033569336,89.31999969482422,90.05999755859375,90.05999755859375,30142000
89.9800033569336,91.02999877929688,89.66999816894531,90.36000061035156,90.36000061035156,31111200
89.66000366210938,92.27999877929688,89.58999633789062,92.0,92.0,32204400
92.4800033569336,93.7300033569336,92.44999694824219,93.6500015258789,93.6500015258789,35160100
94.0199966430664,95.97000122070312,94.0,95.12999725341797,95.12999725341797,32639300
94.9800033569336,95.66999816894531,93.52999877929688,93.86000061035156,93.86000061035156,27835500
94.12000274658203,95.95999908447266,94.0,94.25,94.25,34103300
94.05000305175781,95.52999877929688,91.9000015258789,92.31999969482422,92.31999969482422,28813500
92.16999816894531,92.79000091552734,90.4000015258789,90.62999725341797,90.62999725341797,35941000
90.08999633789062,92.56999969482422,89.41999816894531,91.11000061035156,91.11000061035156,37335600
92.55999755859375,94.36000061035156,92.44000244140625,93.97000122070312,93.97000122070312,36050200
93.22000122070312,96.93000030517578,92.63999938964844,96.11000061035156,96.11000061035156,50622100
96.19999694824219,101.19000244140625,95.5,100.31999969482422,100.31999969482422,65492000
100.26000213623047,102.83999633789062,100.0999984741211,101.62000274658203,101.62000274658203,61028500
100.12000274658203,101.75,99.87000274658203,101.22000122070312,101.22000122070312,32960400
101.25,105.0999984741211,101.22000122070312,104.91999816894531,104.91999816894531,42110300
104.2699966430664,106.58999633789062,103.33000183105469,103.37000274658203,103.37000274658203,43427400
105.05999755859375,106.30000305175781,104.45999908447266,105.5999984741211,105.5999984741211,40797800
104.98999786376953,105.48999786376953,103.83999633789062,105.44000244140625,105.44000244140625,30393300
104.62000274658203,104.76000213623047,101.93000030517578,102.45999908447266,102.45999908447266,31120900
102.44000244140625,102.44999694824219,99.73999786376953,101.02999877929688,101.02999877929688,32057900
102.27999877929688,102.48999786376953,100.6500015258789,101.38999938964844,101.38999938964844,28779600
100.91000366210938,101.16000366210938,99.77999877929688,100.88999938964844,100.88999938964844,33086200
101.30000305175781,103.88999938964844,101.04000091552734,103.7300033569336,103.7300033569336,36863400
102.38999938964844,104.52999877929688,101.93000030517578,104.36000061035156,104.36000061035156,25035400
104.33000183105469,105.58000183105469,104.04000091552734,104.72000122070312,104.72000122070312,24420100
105.77999877929688,106.0999984741211,103.66000366210938,104.47000122070312,104.47000122070312,28290500
105.26000213623047,109.16999816894531,104.33000183105469,108.41999816894531,108.41999816894531,48711500
106.9800033569336,107.58999633789062,105.12000274658203,106.44000244140625,106.44000244140625,27067400
106.55000305175781,106.7300033569336,104.68000030517578,105.3499984741211,105.3499984741211,26311800
106.58000183105469,106.75,104.33999633789062,104.63999938964844,104.63999938964844,24370300
105.83999633789062,107.48999786376953,105.83999633789062,107.43000030517578,107.43000030517578,24843600
106.88999938964844,108.94000244140625,106.83999633789062,108.87000274658203,108.87000274658203,26578000
104.66000366210938,106.16000366210938,104.5199966430664,105.97000122070312,105.97000122070312,37571200
106.48999786376953,106.54000091552734,104.06999969482422,104.5,104.5,26596400
103.58000183105469,104.9800033569336,103.06999969482422,104.18000030517578,104.18000030517578,20905700
103.91000366210938,106.25,103.87000274658203,105.29000091552734,105.29000091552734,27820800
105.47000122070312,106.0,104.77999877929688,105.41000366210938,105.41000366210938,25800100
105.48999786376953,106.62999725341797,104.69999694824219,105.97000122070312,105.97000122070312,23542800
105.83000183105469,106.69000244140625,103.83999633789062,103.8499984741211,103.8499984741211,46664100
104.91999816894531,106.3499984741211,102.62999725341797,103.70999908447266,103.70999908447266,53347600
104.44999694824219,108.37000274658203,103.54000091552734,107.58999633789062,107.58999633789062,50089200
107.04000091552734,107.3499984741211,105.08999633789062,107.33999633789062,107.33999633789062,36139800
106.83999633789062,107.98999786376953,106.81999969482422,107.19999694824219,107.19999694824219,26681700
107.13999938964844,107.19999694824219,103.70999908447266,105.31999969482422,105.31999969482422,30997200
105.52999877929688,107.48999786376953,104.95999908447266,105.41000366210938,105.41000366210938,21795400
105.48999786376953,105.5999984741211,103.97000122070312,104.69000244140625,104.69000244140625,23419500
104.81999969482422,105.87999725341797,104.11000061035156,105.56999969482422,105.56999969482422,26625100
105.18000030517578,107.95999908447266,105.16000366210938,107.7699966430664,107.7699966430664,26511400
108.38999938964844,110.1500015258789,107.19000244140625,107.3499984741211,107.3499984741211,36360100
107.97000122070312,112.94000244140625,107.93000030517578,111.75,111.75,63153400
115.4000015258789,117.91999816894531,114.41000366210938,116.56999969482422,116.56999969482422,78900000
116.68000030517578,118.02999877929688,116.11000061035156,117.51000213623047,117.51000213623047,41073800
116.11000061035156,118.4800033569336,116.01000213623047,116.51000213623047,116.51000213623047,36266800
116.48999786376953,120.75,116.43000030517578,119.51000213623047,119.51000213623047,45035600
119.61000061035156,121.66999816894531,118.88999938964844,120.83999633789062,120.83999633789062,33323600
120.94999694824219,123.30999755859375,120.83000183105469,122.83000183105469,122.83000183105469,35234200
123.55000305175781,125.97000122070312,122.1500015258789,122.76000213623047,122.76000213623047,41330300
122.94000244140625,126.43000030517578,122.73999786376953,125.05000305175781,125.05000305175781,35253000
124.16000366210938,124.62999725341797,122.20999908447266,122.55999755859375,122.55999755859375,34046300
121.12000274658203,121.91000366210938,119.86000061035156,120.9000015258789,120.9000015258789,34014700
124.5199966430664,125.31999969482422,121.97000122070312,123.83499908447266,123.83499908447266,25199058
